reservation_id,arrival_date,nights,room_type,booking_channel,status,nightly_rate_eur,room_revenue_eur,extras_revenue_eur,tax_eur,total_revenue_eur
R20000,2024-12-10,3,Deluxe,Direct,CheckedOut,140.16,420.48,9.96,30.13,460.57
R20001,2024-08-16,5,Deluxe,OTA,CheckedOut,122.87,614.35,20.69,44.45,679.49
R20002,2024-09-06,2,Standard,Direct,CheckedOut,101.62,203.24,9.58,14.9,227.72
R20003,2024-11-23,2,Standard,Corporate,CheckedOut,98.43,196.86,26.55,15.64,239.05
R20004,2024-07-30,7,Standard,Corporate,CheckedOut,126.23,883.61,42.98,64.86,991.45
R20005,2024-10-10,6,Standard,Corporate,CheckedOut,87.04,522.24,24.64,38.28,585.16
R20006,2024-10-31,5,Standard,Direct,CheckedOut,83.8,419.0,41.36,32.23,492.59
R20007,2024-03-23,6,Standard,Direct,CheckedOut,81.86,491.16,33.68,36.74,561.58
R20008,2024-01-21,3,Suite,OTA,Cancelled,215.24,645.72,28.89,47.22,721.83
R20009,2024-04-19,6,Standard,Corporate,Cancelled,70.4,422.4,13.35,30.5,466.25
R20010,2024-04-14,2,Deluxe,OTA,CheckedOut,132.63,265.26,23.55,20.22,309.03
R20011,2024-11-14,4,Deluxe,Direct,CheckedOut,134.88,539.52,57.21,41.77,638.5
R20012,2024-11-29,2,Deluxe,OTA,CheckedOut,120.52,241.04,55.1,20.73,316.87
R20013,2024-01-02,3,Standard,Corporate,CheckedOut,97.67,293.01,44.94,23.66,361.61
R20014,2024-07-01,3,Standard,Corporate,CheckedOut,80.86,242.58,14.87,18.02,275.47
R20015,2024-10-26,3,Deluxe,OTA,Cancelled,149.48,448.44,67.87,36.14,552.45
R20016,2024-02-17,4,Standard,Corporate,CheckedOut,100.34,401.36,16.23,29.23,446.82
R20017,2024-10-17,1,Standard,OTA,CheckedOut,71.59,71.59,30.32,7.13,109.04
R20018,2024-02-13,3,Deluxe,OTA,Cancelled,138.12,414.36,87.45,35.13,536.94
R20019,2024-06-19,6,Deluxe,Direct,CheckedOut,137.72,826.32,4.4,58.15,888.87
R20020,2024-10-25,4,Standard,OTA,NoShow,116.02,464.08,30.25,34.6,528.93
R20021,2024-04-20,4,Standard,Direct,CheckedOut,113.77,455.08,51.13,35.43,541.64
R20022,2024-05-04,1,Suite,OTA,CheckedOut,204.29,204.29,22.73,15.89,242.91
R20023,2024-04-11,3,Standard,Corporate,NoShow,70.49,211.47,4.88,15.14,231.49
R20024,2024-09-19,7,Deluxe,OTA,NoShow,131.22,918.54,54.52,68.11,1041.17
R20025,2024-04-03,4,Standard,OTA,Cancelled,82.79,331.16,66.65,27.85,425.66
R20026,2024-12-27,1,Deluxe,Corporate,CheckedOut,126.72,126.72,80.77,14.52,222.01
R20027,2024-06-11,6,Standard,Direct,Cancelled,89.71,538.26,11.53,38.49,588.28
R20028,2024-06-23,6,Standard,Corporate,CheckedOut,94.03,564.18,6.61,39.96,610.75
R20029,2024-07-03,3,Standard,Corporate,CheckedOut,80.98,242.94,36.64,19.57,299.15
R20030,2024-07-31,1,Standard,OTA,CheckedOut,104.59,104.59,102.18,14.47,221.24
R20031,2024-07-21,6,Deluxe,Direct,CheckedOut,135.15,810.9,24.83,58.5,894.23
R20032,2024-07-04,2,Standard,Direct,CheckedOut,88.7,177.4,59.29,16.57,253.26
R20033,2024-12-29,7,Standard,Corporate,CheckedOut,79.11,553.77,18.19,40.04,612.0
R20034,2024-10-21,3,Deluxe,Direct,CheckedOut,126.56,379.68,45.03,29.73,454.44
R20035,2024-10-16,3,Deluxe,Direct,CheckedOut,136.66,409.98,50.78,32.25,493.01
R20036,2024-09-12,6,Standard,Corporate,Cancelled,75.34,452.04,21.79,33.17,507.0
R20037,2024-08-15,1,Deluxe,OTA,CheckedOut,118.49,118.49,91.73,14.72,224.94
R20038,2024-05-04,1,Standard,OTA,CheckedOut,86.07,86.07,26.97,7.91,120.95
R20039,2024-12-26,6,Deluxe,OTA,NoShow,103.67,622.02,95.58,50.23,767.83
R20040,2024-06-19,7,Standard,Direct,Cancelled,106.11,742.77,17.22,53.2,813.19
R20041,2024-03-19,7,Deluxe,Direct,CheckedOut,116.04,812.28,9.77,57.54,879.59
R20042,2024-11-04,1,Deluxe,OTA,CheckedOut,119.0,119.0,4.57,8.65,132.22
R20043,2024-02-28,2,Deluxe,Direct,CheckedOut,97.75,195.5,62.09,18.03,275.62
R20044,2024-11-08,3,Standard,OTA,NoShow,68.63,205.89,35.39,16.89,258.17
R20045,2024-08-11,5,Deluxe,OTA,CheckedOut,155.39,776.95,21.67,55.9,854.52
R20046,2024-02-11,7,Deluxe,OTA,NoShow,101.24,708.68,16.31,50.75,775.74
R20047,2024-01-17,6,Standard,OTA,NoShow,76.95,461.7,19.95,33.72,515.37
R20048,2024-06-11,3,Standard,Direct,CheckedOut,71.05,213.15,71.4,19.92,304.47
R20049,2024-01-14,7,Suite,Direct,Cancelled,136.51,955.57,44.83,70.03,1070.43
R20050,2024-02-21,2,Deluxe,Corporate,CheckedOut,114.86,229.72,2.21,16.24,248.17
R20051,2024-07-06,1,Standard,Direct,CheckedOut,100.07,100.07,8.33,7.59,115.99
R20052,2024-12-20,4,Deluxe,OTA,CheckedOut,139.99,559.96,6.47,39.65,606.08
R20053,2024-06-19,1,Standard,Direct,CheckedOut,96.37,96.37,37.73,9.39,143.49
R20054,2024-10-22,5,Standard,Corporate,CheckedOut,77.74,388.7,32.55,29.49,450.74
R20055,2024-11-30,7,Deluxe,Direct,CheckedOut,115.16,806.12,55.75,60.33,922.2
R20056,2024-10-27,1,Standard,OTA,CheckedOut,100.06,100.06,20.45,8.44,128.95
R20057,2024-08-17,1,Standard,OTA,CheckedOut,89.27,89.27,22.05,7.79,119.11
R20058,2024-06-10,2,Standard,OTA,Cancelled,79.86,159.72,17.55,12.41,189.68
R20059,2024-07-06,2,Standard,Corporate,Cancelled,66.42,132.84,49.19,12.74,194.77
R20060,2024-04-07,4,Standard,OTA,CheckedOut,95.86,383.44,10.24,27.56,421.24
R20061,2024-06-30,5,Standard,Direct,Cancelled,98.92,494.6,18.24,35.9,548.74
R20062,2024-05-18,7,Standard,Direct,CheckedOut,85.0,595.0,3.78,41.91,640.69
R20063,2024-03-31,4,Standard,OTA,CheckedOut,76.0,304.0,50.84,24.84,379.68
R20064,2024-12-28,7,Standard,Corporate,NoShow,87.42,611.94,7.97,43.39,663.3
R20065,2024-01-05,6,Standard,Direct,CheckedOut,127.67,766.02,19.16,54.96,840.14
R20066,2024-02-05,6,Deluxe,OTA,CheckedOut,100.47,602.82,28.06,44.16,675.04
R20067,2024-03-11,2,Suite,Direct,NoShow,158.19,316.38,21.02,23.62,361.02
R20068,2024-12-19,4,Standard,OTA,CheckedOut,99.33,397.32,1.99,27.95,427.26
R20069,2024-09-09,7,Standard,OTA,CheckedOut,59.59,417.13,42.91,32.2,492.24
R20070,2024-11-17,6,Standard,OTA,NoShow,89.42,536.52,50.56,41.1,628.18
R20071,2024-03-14,2,Standard,Corporate,CheckedOut,77.56,155.12,32.22,13.11,200.45
R20072,2024-09-20,6,Standard,OTA,Cancelled,106.81,640.86,20.87,46.32,708.05
R20073,2024-05-14,6,Deluxe,OTA,CheckedOut,145.99,875.94,27.63,63.25,966.82
R20074,2024-06-27,2,Standard,OTA,NoShow,79.94,159.88,113.0,19.1,291.98
R20075,2024-01-02,1,Deluxe,OTA,Cancelled,123.69,123.69,14.65,9.68,148.02
R20076,2024-08-13,2,Standard,OTA,CheckedOut,88.74,177.48,12.63,13.31,203.42
R20077,2024-10-29,4,Standard,OTA,CheckedOut,80.08,320.32,53.4,26.16,399.88
R20078,2024-08-30,2,Deluxe,OTA,CheckedOut,165.58,331.16,93.65,29.74,454.55
R20079,2024-02-26,1,Deluxe,Direct,CheckedOut,101.43,101.43,61.97,11.44,174.84
R20080,2024-07-13,1,Standard,Direct,CheckedOut,84.49,84.49,30.01,8.02,122.52
R20081,2024-04-07,3,Standard,Direct,CheckedOut,100.85,302.55,93.68,27.74,423.97
R20082,2024-12-18,3,Standard,OTA,CheckedOut,116.24,348.72,19.19,25.75,393.66
R20083,2024-11-17,3,Deluxe,Direct,CheckedOut,120.3,360.9,45.46,28.45,434.81
R20084,2024-03-08,4,Standard,OTA,CheckedOut,89.38,357.52,4.85,25.37,387.74
R20085,2024-07-05,6,Standard,OTA,CheckedOut,103.32,619.92,54.74,47.23,721.89
R20086,2024-12-09,2,Deluxe,Direct,CheckedOut,123.49,246.98,29.09,19.32,295.39
R20087,2024-11-05,4,Standard,OTA,CheckedOut,116.27,465.08,72.17,37.61,574.86
R20088,2024-09-15,6,Standard,Corporate,CheckedOut,93.42,560.52,1.03,39.31,600.86
R20089,2024-08-21,1,Suite,OTA,CheckedOut,225.7,225.7,39.91,18.59,284.2
R20090,2024-01-16,7,Standard,OTA,CheckedOut,92.55,647.85,28.5,47.34,723.69
R20091,2024-09-27,7,Standard,OTA,CheckedOut,90.14,630.98,25.29,45.94,702.21
R20092,2024-06-21,3,Standard,OTA,CheckedOut,90.98,272.94,36.01,21.63,330.58
R20093,2024-02-03,7,Standard,Corporate,Cancelled,80.58,564.06,23.36,41.12,628.54
R20094,2024-03-30,2,Standard,Direct,CheckedOut,80.86,161.72,51.82,14.95,228.49
R20095,2024-07-16,7,Standard,Corporate,CheckedOut,58.12,406.84,9.85,29.17,445.86
R20096,2024-09-22,5,Suite,OTA,CheckedOut,189.53,947.65,42.43,69.31,1059.39
R20097,2024-07-04,2,Standard,OTA,CheckedOut,61.1,122.2,65.4,13.13,200.73
R20098,2024-08-11,1,Deluxe,OTA,Cancelled,117.39,117.39,12.36,9.08,138.83
R20099,2024-11-14,3,Standard,Corporate,CheckedOut,82.1,246.3,103.74,24.5,374.54
R20100,2024-09-07,6,Standard,Direct,CheckedOut,66.82,400.92,28.71,30.07,459.7
R20101,2024-05-11,2,Deluxe,OTA,CheckedOut,116.62,233.24,16.91,17.51,267.66
R20102,2024-08-22,4,Standard,Direct,NoShow,98.9,395.6,44.81,30.83,471.24
R20103,2024-08-06,1,Deluxe,OTA,CheckedOut,155.37,155.37,43.6,13.93,212.9
R20104,2024-02-09,3,Standard,OTA,Cancelled,110.79,332.37,38.23,25.94,396.54
R20105,2024-01-22,1,Standard,Direct,CheckedOut,119.47,119.47,5.49,8.75,133.71
R20106,2024-08-28,7,Standard,Direct,CheckedOut,73.91,517.37,53.82,39.98,611.17
R20107,2024-05-21,4,Standard,OTA,CheckedOut,104.1,416.4,53.17,32.87,502.44
R20108,2024-08-06,6,Standard,OTA,Cancelled,92.28,553.68,15.19,39.82,608.69
R20109,2024-04-27,1,Deluxe,OTA,CheckedOut,168.98,168.98,92.38,18.3,279.66
R20110,2024-03-23,2,Deluxe,Direct,CheckedOut,117.43,234.86,27.66,18.38,280.9
R20111,2024-02-24,2,Standard,OTA,CheckedOut,83.7,167.4,39.27,14.47,221.14
R20112,2024-05-19,4,Standard,Direct,CheckedOut,86.08,344.32,7.06,24.6,375.98
R20113,2024-10-24,7,Deluxe,OTA,CheckedOut,128.32,898.24,42.91,65.88,1007.03
R20114,2024-05-26,5,Standard,OTA,Cancelled,76.91,384.55,10.69,27.67,422.91
R20115,2024-05-18,4,Standard,OTA,NoShow,87.2,348.8,6.92,24.9,380.62
R20116,2024-07-29,7,Standard,OTA,CheckedOut,69.73,488.11,33.25,36.5,557.86
R20117,2024-12-23,2,Standard,Direct,Cancelled,76.06,152.12,73.37,15.78,241.27
R20118,2024-05-23,2,Deluxe,OTA,CheckedOut,129.37,258.74,17.28,19.32,295.34
R20119,2024-08-03,5,Standard,OTA,CheckedOut,86.74,433.7,12.19,31.21,477.1
R20120,2024-06-09,6,Standard,OTA,CheckedOut,95.83,574.98,66.72,44.92,686.62
R20121,2024-08-08,2,Deluxe,OTA,CheckedOut,145.32,290.64,59.81,24.53,374.98
R20122,2024-06-11,2,Suite,Direct,CheckedOut,170.29,340.58,29.64,25.92,396.14
R20123,2024-08-20,4,Standard,OTA,CheckedOut,78.06,312.24,38.38,24.54,375.16
R20124,2024-07-18,6,Standard,OTA,NoShow,94.79,568.74,12.65,40.7,622.09
R20125,2024-09-03,2,Standard,Corporate,CheckedOut,76.61,153.22,9.56,11.39,174.17
R20126,2024-12-15,6,Deluxe,Corporate,CheckedOut,101.06,606.36,8.5,43.04,657.9
R20127,2024-02-25,4,Suite,Direct,CheckedOut,97.83,391.32,23.23,29.02,443.57
R20128,2024-07-23,5,Standard,OTA,Cancelled,85.96,429.8,52.44,33.76,516.0
R20129,2024-06-09,5,Standard,Direct,CheckedOut,85.95,429.75,23.5,31.73,484.98
R20130,2024-05-10,4,Standard,OTA,NoShow,103.67,414.68,30.82,31.18,476.68
R20131,2024-03-28,4,Standard,OTA,CheckedOut,81.6,326.4,49.3,26.3,402.0
R20132,2024-01-20,7,Suite,Direct,CheckedOut,162.58,1138.06,3.08,79.88,1221.02
R20133,2024-05-26,3,Standard,OTA,CheckedOut,97.84,293.52,57.99,24.61,376.12
R20134,2024-10-28,7,Standard,OTA,CheckedOut,89.68,627.76,38.63,46.65,713.04
R20135,2024-02-05,6,Standard,OTA,Cancelled,89.56,537.36,12.23,38.47,588.06
R20136,2024-05-28,2,Standard,OTA,Cancelled,100.49,200.98,25.12,15.83,241.93
R20137,2024-12-19,7,Deluxe,OTA,CheckedOut,114.14,798.98,7.28,56.44,862.7
R20138,2024-12-13,3,Standard,OTA,CheckedOut,101.43,304.29,45.49,24.48,374.26
R20139,2024-03-19,2,Standard,OTA,CheckedOut,94.38,188.76,30.51,15.35,234.62
R20140,2024-01-03,2,Standard,Direct,CheckedOut,102.28,204.56,25.43,16.1,246.09
R20141,2024-09-02,1,Suite,OTA,CheckedOut,206.78,206.78,9.58,15.15,231.51
R20142,2024-01-06,3,Deluxe,OTA,Cancelled,101.03,303.09,40.62,24.06,367.77
R20143,2024-04-19,1,Standard,OTA,CheckedOut,94.19,94.19,42.84,9.59,146.62
R20144,2024-06-30,4,Deluxe,Direct,Cancelled,124.57,498.28,46.94,38.17,583.39
R20145,2024-11-15,7,Standard,OTA,CheckedOut,107.93,755.51,6.84,53.36,815.71
R20146,2024-02-03,7,Deluxe,Direct,CheckedOut,75.76,530.32,23.0,38.73,592.05
R20147,2024-08-29,7,Standard,OTA,CheckedOut,70.96,496.72,20.7,36.22,553.64
R20148,2024-07-13,2,Deluxe,Direct,CheckedOut,111.17,222.34,54.75,19.4,296.49
R20149,2024-02-18,2,Standard,OTA,CheckedOut,80.82,161.64,51.33,14.91,227.88
R20150,2024-11-04,5,Standard,Corporate,CheckedOut,119.32,596.6,41.84,44.69,683.13
R20151,2024-11-04,7,Deluxe,OTA,CheckedOut,102.66,718.62,55.39,54.18,828.19
R20152,2024-06-25,6,Standard,Direct,CheckedOut,67.56,405.36,31.49,30.58,467.43
R20153,2024-12-10,2,Standard,OTA,CheckedOut,93.8,187.6,127.77,22.08,337.45
R20154,2024-08-09,6,Standard,Direct,CheckedOut,83.68,502.08,24.83,36.88,563.79
R20155,2024-11-25,4,Standard,Corporate,CheckedOut,116.92,467.68,29.23,34.78,531.69
R20156,2024-12-16,4,Standard,Direct,NoShow,73.96,295.84,10.64,21.45,327.93
R20157,2024-07-26,4,Standard,OTA,Cancelled,59.27,237.08,37.4,19.21,293.69
R20158,2024-04-12,4,Standard,OTA,Cancelled,90.66,362.64,36.42,27.93,426.99
R20159,2024-02-23,7,Standard,Direct,CheckedOut,88.89,622.23,65.56,48.15,735.94
R20160,2024-07-24,6,Standard,Direct,CheckedOut,83.74,502.44,39.38,37.93,579.75
R20161,2024-03-11,1,Standard,Direct,CheckedOut,59.87,59.87,10.14,4.9,74.91
R20162,2024-09-30,6,Standard,OTA,CheckedOut,94.86,569.16,30.94,42.01,642.11
R20163,2024-12-04,3,Standard,Corporate,CheckedOut,107.8,323.4,31.78,24.86,380.04
R20164,2024-03-30,3,Standard,OTA,CheckedOut,62.56,187.68,47.61,16.47,251.76
R20165,2024-07-20,5,Deluxe,OTA,CheckedOut,120.88,604.4,32.43,44.58,681.41
R20166,2024-01-18,7,Standard,Direct,CheckedOut,85.32,597.24,20.46,43.24,660.94
R20167,2024-03-06,1,Standard,OTA,CheckedOut,120.45,120.45,32.97,10.74,164.16
R20168,2024-05-17,4,Deluxe,OTA,CheckedOut,162.48,649.92,33.94,47.87,731.73
R20169,2024-11-18,2,Standard,Direct,CheckedOut,85.83,171.66,12.48,12.89,197.03
R20170,2024-12-19,7,Deluxe,OTA,CheckedOut,113.17,792.19,15.47,56.54,864.2
R20171,2024-08-22,4,Suite,OTA,Cancelled,151.18,604.72,32.56,44.61,681.89
R20172,2024-07-31,6,Standard,Direct,Cancelled,78.17,469.02,60.76,37.08,566.86
R20173,2024-07-26,7,Deluxe,Direct,CheckedOut,132.45,927.15,34.35,67.31,1028.81
R20174,2024-01-23,1,Standard,OTA,Cancelled,78.81,78.81,29.5,7.58,115.89
R20175,2024-05-17,6,Standard,Corporate,CheckedOut,61.32,367.92,42.19,28.71,438.82
R20176,2024-12-24,6,Standard,OTA,NoShow,114.37,686.22,31.54,50.24,768.0
R20177,2024-05-29,6,Deluxe,Corporate,CheckedOut,116.22,697.32,6.99,49.3,753.61
R20178,2024-03-18,7,Suite,Corporate,CheckedOut,165.0,1155.0,19.9,82.24,1257.14
R20179,2024-03-28,6,Standard,OTA,Cancelled,91.07,546.42,66.8,42.93,656.15
R20180,2024-09-17,6,Deluxe,OTA,CheckedOut,126.25,757.5,33.09,55.34,845.93
R20181,2024-01-14,5,Standard,Direct,CheckedOut,73.93,369.65,11.67,26.69,408.01
R20182,2024-12-19,3,Standard,OTA,NoShow,86.34,259.02,33.72,20.49,313.23
R20183,2024-11-15,6,Suite,OTA,CheckedOut,104.72,628.32,27.43,45.9,701.65
R20184,2024-07-26,5,Deluxe,Corporate,NoShow,134.31,671.55,113.07,54.92,839.54
R20185,2024-06-19,5,Standard,Direct,CheckedOut,104.54,522.7,14.09,37.58,574.37
R20186,2024-10-04,7,Suite,OTA,CheckedOut,142.7,998.9,46.66,73.19,1118.75
R20187,2024-07-18,6,Standard,Direct,CheckedOut,93.42,560.52,67.13,43.94,671.59
R20188,2024-06-23,3,Standard,OTA,CheckedOut,95.69,287.07,47.56,23.42,358.05
R20189,2024-04-27,3,Standard,OTA,Cancelled,77.93,233.79,11.89,17.2,262.88
R20190,2024-06-12,3,Suite,OTA,CheckedOut,183.79,551.37,33.89,40.97,626.23
R20191,2024-10-01,2,Standard,Direct,CheckedOut,73.68,147.36,15.53,11.4,174.29
R20192,2024-01-21,1,Suite,OTA,CheckedOut,249.83,249.83,22.21,19.04,291.08
R20193,2024-01-10,6,Deluxe,OTA,CheckedOut,136.25,817.5,47.93,60.58,926.01
R20194,2024-09-19,6,Standard,OTA,CheckedOut,89.28,535.68,6.67,37.96,580.31
R20195,2024-05-15,2,Standard,Direct,CheckedOut,73.95,147.9,57.52,14.38,219.8
R20196,2024-10-20,3,Standard,OTA,CheckedOut,91.87,275.61,85.44,25.27,386.32
R20197,2024-01-12,7,Standard,OTA,Cancelled,75.19,526.33,51.92,40.48,618.73
R20198,2024-11-27,6,Deluxe,Direct,CheckedOut,130.22,781.32,23.74,56.35,861.41
R20199,2024-02-14,5,Deluxe,Direct,CheckedOut,127.55,637.75,91.06,51.02,779.83
R20200,2024-05-31,7,Suite,OTA,CheckedOut,193.58,1355.06,39.87,97.65,1492.58
R20201,2024-12-19,3,Standard,Direct,CheckedOut,98.22,294.66,5.68,21.02,321.36
R20202,2024-02-09,6,Deluxe,OTA,Cancelled,100.53,603.18,13.84,43.19,660.21
R20203,2024-08-28,7,Standard,OTA,CheckedOut,85.54,598.78,38.24,44.59,681.61
R20204,2024-09-22,5,Deluxe,Corporate,CheckedOut,124.09,620.45,33.74,45.79,699.98
R20205,2024-06-05,2,Deluxe,OTA,CheckedOut,147.88,295.76,44.75,23.84,364.35
R20206,2024-01-29,3,Suite,OTA,CheckedOut,153.1,459.3,42.76,35.14,537.2
R20207,2024-07-10,4,Standard,Direct,CheckedOut,90.03,360.12,16.1,26.34,402.56
R20208,2024-06-07,2,Standard,OTA,CheckedOut,81.58,163.16,21.95,12.96,198.07
R20209,2024-11-14,1,Suite,OTA,CheckedOut,138.63,138.63,38.86,12.42,189.91
R20210,2024-09-06,2,Suite,OTA,CheckedOut,242.02,484.04,98.96,40.81,623.81
R20211,2024-05-05,7,Standard,OTA,NoShow,114.49,801.43,60.57,60.34,922.34
R20212,2024-01-22,3,Suite,OTA,CheckedOut,198.55,595.65,72.96,46.8,715.41
R20213,2024-08-03,5,Standard,Direct,NoShow,88.98,444.9,49.18,34.59,528.67
R20214,2024-04-12,4,Standard,OTA,CheckedOut,114.1,456.4,27.09,33.84,517.33
R20215,2024-09-06,6,Deluxe,OTA,Cancelled,143.17,859.02,19.72,61.51,940.25
R20216,2024-11-11,1,Standard,Direct,CheckedOut,93.75,93.75,9.48,7.23,110.46
R20217,2024-05-09,2,Standard,Direct,Cancelled,97.75,195.5,29.49,15.75,240.74
R20218,2024-11-25,5,Standard,Direct,CheckedOut,93.28,466.4,38.58,35.35,540.33
R20219,2024-07-08,6,Standard,OTA,CheckedOut,119.94,719.64,18.24,51.65,789.53
R20220,2024-07-12,4,Standard,OTA,NoShow,97.35,389.4,6.0,27.68,423.08
R20221,2024-10-06,5,Standard,OTA,CheckedOut,71.94,359.7,3.73,25.44,388.87
R20222,2024-10-15,6,Deluxe,Corporate,CheckedOut,130.41,782.46,4.43,55.08,841.97
R20223,2024-11-27,5,Standard,OTA,CheckedOut,81.08,405.4,79.09,33.91,518.4
R20224,2024-12-30,6,Deluxe,OTA,CheckedOut,153.51,921.06,86.05,70.5,1077.61
R20225,2024-02-25,7,Deluxe,Corporate,CheckedOut,133.97,937.79,57.77,69.69,1065.25
R20226,2024-05-30,2,Standard,Direct,CheckedOut,100.66,201.32,46.92,17.38,265.62
R20227,2024-12-06,4,Standard,OTA,CheckedOut,101.65,406.6,43.9,31.54,482.04
R20228,2024-04-22,2,Standard,Direct,CheckedOut,101.79,203.58,8.8,14.87,227.25
R20229,2024-01-02,3,Standard,OTA,CheckedOut,108.79,326.37,122.42,31.42,480.21
R20230,2024-07-29,1,Deluxe,Corporate,CheckedOut,97.02,97.02,29.58,8.86,135.46
R20231,2024-10-01,5,Standard,Direct,CheckedOut,89.46,447.3,33.5,33.66,514.46
R20232,2024-09-28,2,Standard,OTA,CheckedOut,99.63,199.26,21.61,15.46,236.33
R20233,2024-10-22,6,Deluxe,Corporate,Cancelled,141.94,851.64,7.79,60.16,919.59
R20234,2024-08-23,6,Standard,OTA,CheckedOut,83.59,501.54,37.64,37.74,576.92
R20235,2024-02-19,3,Standard,OTA,CheckedOut,106.69,320.07,62.22,26.76,409.05
R20236,2024-11-05,4,Deluxe,OTA,CheckedOut,127.39,509.56,43.17,38.69,591.42
R20237,2024-06-01,5,Deluxe,OTA,CheckedOut,125.79,628.95,8.7,44.64,682.29
R20238,2024-11-05,3,Standard,OTA,CheckedOut,92.13,276.39,86.78,25.42,388.59
R20239,2024-10-24,2,Deluxe,Direct,NoShow,134.74,269.48,65.32,23.44,358.24
R20240,2024-12-20,1,Standard,Direct,CheckedOut,81.34,81.34,8.23,6.27,95.84
R20241,2024-01-06,4,Standard,Direct,NoShow,92.78,371.12,22.08,27.52,420.72
R20242,2024-11-12,4,Standard,Corporate,Cancelled,80.1,320.4,104.43,29.74,454.57
R20243,2024-08-17,6,Standard,Direct,CheckedOut,71.36,428.16,22.83,31.57,482.56
R20244,2024-06-26,1,Standard,Direct,CheckedOut,75.97,75.97,23.05,6.93,105.95
R20245,2024-10-16,1,Deluxe,Corporate,CheckedOut,93.83,93.83,32.8,8.86,135.49
R20246,2024-12-13,6,Standard,Direct,CheckedOut,66.71,400.26,40.58,30.86,471.7
R20247,2024-07-06,6,Standard,Corporate,CheckedOut,93.34,560.04,27.99,41.16,629.19
R20248,2024-02-01,6,Deluxe,Corporate,Cancelled,123.32,739.92,57.55,55.82,853.29
R20249,2024-09-21,1,Standard,OTA,CheckedOut,96.32,96.32,24.6,8.46,129.38
R20250,2024-03-25,5,Suite,OTA,NoShow,162.1,810.5,18.84,58.05,887.39
R20251,2024-03-23,7,Standard,Direct,CheckedOut,84.4,590.8,5.01,41.71,637.52
R20252,2024-03-11,6,Standard,Direct,CheckedOut,90.77,544.62,37.1,40.72,622.44
R20253,2024-03-13,4,Standard,Direct,CheckedOut,97.78,391.12,111.61,35.19,537.92
R20254,2024-11-28,4,Suite,Direct,CheckedOut,188.96,755.84,45.67,56.11,857.62
R20255,2024-05-12,3,Standard,OTA,CheckedOut,69.83,209.49,68.12,19.43,297.04
R20256,2024-02-08,1,Deluxe,Corporate,CheckedOut,114.07,114.07,38.76,10.7,163.53
R20257,2024-03-06,6,Suite,OTA,Cancelled,207.71,1246.26,37.82,89.89,1373.97
R20258,2024-05-24,4,Suite,Corporate,CheckedOut,118.94,475.76,3.15,33.52,512.43
R20259,2024-05-06,4,Standard,OTA,CheckedOut,84.37,337.48,19.37,24.98,381.83
R20260,2024-04-23,7,Standard,Direct,CheckedOut,97.71,683.97,24.19,49.57,757.73
R20261,2024-12-12,6,Deluxe,OTA,CheckedOut,147.04,882.24,51.47,65.36,999.07
R20262,2024-11-12,7,Deluxe,Direct,CheckedOut,146.34,1024.38,25.7,73.51,1123.59
R20263,2024-07-28,1,Standard,Direct,CheckedOut,73.03,73.03,5.77,5.52,84.32
R20264,2024-12-26,7,Standard,Corporate,CheckedOut,78.48,549.36,4.54,38.77,592.67
R20265,2024-05-04,4,Standard,Direct,CheckedOut,91.82,367.28,23.9,27.38,418.56
R20266,2024-02-20,3,Standard,Direct,CheckedOut,73.63,220.89,32.1,17.71,270.7
R20267,2024-04-09,4,Standard,Direct,CheckedOut,93.8,375.2,113.99,34.24,523.43
R20268,2024-02-02,1,Standard,OTA,CheckedOut,93.99,93.99,9.99,7.28,111.26
R20269,2024-12-13,7,Standard,OTA,CheckedOut,81.84,572.88,17.71,41.34,631.93
R20270,2024-03-20,5,Standard,Direct,CheckedOut,96.8,484.0,18.6,35.18,537.78
R20271,2024-06-11,1,Standard,OTA,CheckedOut,73.53,73.53,88.53,11.34,173.4
R20272,2024-03-14,7,Standard,Direct,CheckedOut,85.92,601.44,23.48,43.74,668.66
R20273,2024-12-23,4,Suite,OTA,CheckedOut,209.73,838.92,25.94,60.54,925.4
R20274,2024-02-27,1,Standard,OTA,CheckedOut,98.35,98.35,43.54,9.93,151.82
R20275,2024-07-07,5,Standard,OTA,CheckedOut,107.94,539.7,63.26,42.21,645.17
R20276,2024-12-12,1,Deluxe,OTA,CheckedOut,129.99,129.99,31.51,11.31,172.81
R20277,2024-07-09,4,Standard,OTA,CheckedOut,72.06,288.24,46.95,23.46,358.65
R20278,2024-11-24,6,Standard,Corporate,CheckedOut,89.02,534.12,4.89,37.73,576.74
R20279,2024-11-23,1,Suite,OTA,CheckedOut,181.68,181.68,63.17,17.14,261.99
R20280,2024-10-07,6,Deluxe,Direct,CheckedOut,103.24,619.44,51.26,46.95,717.65
R20281,2024-09-28,5,Deluxe,OTA,CheckedOut,101.13,505.65,137.02,44.99,687.66
R20282,2024-07-29,3,Standard,Direct,CheckedOut,80.59,241.77,29.05,18.96,289.78
R20283,2024-07-30,2,Standard,Direct,Cancelled,106.86,213.72,73.75,20.12,307.59
R20284,2024-10-30,1,Standard,Direct,CheckedOut,80.85,80.85,57.06,9.65,147.56
R20285,2024-06-04,2,Standard,Direct,Cancelled,70.56,141.12,29.3,11.93,182.35
R20286,2024-12-11,2,Standard,Corporate,Cancelled,122.86,245.72,4.28,17.5,267.5
R20287,2024-11-16,7,Standard,OTA,CheckedOut,93.92,657.44,58.02,50.08,765.54
R20288,2024-05-16,4,Deluxe,Corporate,CheckedOut,94.48,377.92,30.63,28.6,437.15
R20289,2024-05-30,2,Standard,OTA,NoShow,94.86,189.72,85.14,19.24,294.1
R20290,2024-09-17,6,Standard,Direct,CheckedOut,116.43,698.58,31.98,51.14,781.7
R20291,2024-12-02,4,Suite,OTA,CheckedOut,176.78,707.12,7.24,50.01,764.37
R20292,2024-02-05,6,Standard,OTA,CheckedOut,104.32,625.92,32.72,46.1,704.74
R20293,2024-01-26,6,Standard,Direct,Cancelled,74.54,447.24,32.84,33.61,513.69
R20294,2024-03-31,7,Standard,OTA,CheckedOut,68.17,477.19,42.57,36.38,556.14
R20295,2024-06-05,5,Deluxe,OTA,CheckedOut,107.04,535.2,49.41,40.92,625.53
R20296,2024-02-29,1,Deluxe,Direct,CheckedOut,93.38,93.38,30.33,8.66,132.37
R20297,2024-07-08,4,Standard,Direct,Cancelled,97.29,389.16,5.43,27.62,422.21
R20298,2024-07-16,3,Deluxe,OTA,CheckedOut,141.85,425.55,9.39,30.45,465.39
R20299,2024-12-13,6,Standard,OTA,CheckedOut,90.28,541.68,31.41,40.12,613.21
R20300,2024-09-29,2,Standard,OTA,CheckedOut,84.12,168.24,31.97,14.01,214.22
R20301,2024-04-01,4,Standard,OTA,CheckedOut,108.24,432.96,64.34,34.81,532.11
R20302,2024-10-14,6,Suite,Direct,CheckedOut,228.79,1372.74,34.06,98.48,1505.28
R20303,2024-10-21,5,Deluxe,Direct,CheckedOut,153.4,767.0,61.65,58.01,886.66
R20304,2024-09-05,1,Deluxe,Direct,CheckedOut,131.42,131.42,37.0,11.79,180.21
R20305,2024-09-03,6,Standard,Direct,CheckedOut,101.6,609.6,22.52,44.25,676.37
R20306,2024-04-23,3,Standard,OTA,CheckedOut,101.99,305.97,96.62,28.18,430.77
R20307,2024-09-18,5,Deluxe,Corporate,Cancelled,98.71,493.55,29.09,36.58,559.22
R20308,2024-02-19,5,Standard,OTA,CheckedOut,74.8,374.0,28.66,28.19,430.85
R20309,2024-08-17,5,Standard,Direct,CheckedOut,102.23,511.15,35.16,38.24,584.55
R20310,2024-12-02,3,Deluxe,Direct,CheckedOut,130.68,392.04,60.17,31.65,483.86
R20311,2024-12-20,3,Deluxe,OTA,CheckedOut,120.68,362.04,25.0,27.09,414.13
R20312,2024-04-18,1,Deluxe,Corporate,Cancelled,104.13,104.13,36.67,9.86,150.66
R20313,2024-05-01,4,Standard,OTA,CheckedOut,99.19,396.76,18.33,29.06,444.15
R20314,2024-08-13,3,Standard,Direct,NoShow,108.89,326.67,42.45,25.84,394.96
R20315,2024-05-25,3,Standard,OTA,CheckedOut,101.87,305.61,2.57,21.57,329.75
R20316,2024-09-23,2,Deluxe,OTA,CheckedOut,111.72,223.44,17.54,16.87,257.85
R20317,2024-03-15,6,Suite,Corporate,CheckedOut,149.29,895.74,19.9,64.09,979.73
R20318,2024-03-02,7,Standard,Direct,CheckedOut,70.09,490.63,26.34,36.19,553.16
R20319,2024-01-19,3,Deluxe,Direct,CheckedOut,123.56,370.68,21.62,27.46,419.76
R20320,2024-06-20,3,Standard,Direct,CheckedOut,93.88,281.64,60.34,23.94,365.92
R20321,2024-03-18,4,Standard,Direct,CheckedOut,88.76,355.04,51.18,28.44,434.66
R20322,2024-04-19,1,Standard,Corporate,CheckedOut,90.32,90.32,12.98,7.23,110.53
R20323,2024-11-30,6,Standard,OTA,CheckedOut,137.42,824.52,36.57,60.28,921.37
R20324,2024-10-24,7,Standard,Corporate,CheckedOut,92.04,644.28,79.25,50.65,774.18
R20325,2024-11-02,4,Standard,Direct,CheckedOut,98.54,394.16,18.74,28.9,441.8
R20326,2024-08-04,1,Deluxe,OTA,CheckedOut,142.34,142.34,23.81,11.63,177.78
R20327,2024-02-11,3,Standard,OTA,Cancelled,85.31,255.93,45.16,21.08,322.17
R20328,2024-09-29,2,Deluxe,OTA,CheckedOut,141.9,283.8,8.28,20.45,312.53
R20329,2024-08-08,6,Deluxe,Direct,CheckedOut,123.95,743.7,28.76,54.07,826.53
R20330,2024-11-27,6,Standard,OTA,CheckedOut,72.37,434.22,72.4,35.46,542.08
R20331,2024-06-23,3,Standard,OTA,CheckedOut,81.48,244.44,95.2,23.77,363.41
R20332,2024-03-04,3,Suite,OTA,CheckedOut,191.04,573.12,13.85,41.09,628.06
R20333,2024-08-05,6,Standard,OTA,Cancelled,76.19,457.14,69.2,36.84,563.18
R20334,2024-06-15,1,Standard,Direct,CheckedOut,72.45,72.45,10.66,5.82,88.93
R20335,2024-08-28,6,Standard,Corporate,CheckedOut,60.62,363.72,107.5,32.99,504.21
R20336,2024-05-17,7,Suite,OTA,CheckedOut,165.55,1158.85,46.8,84.4,1290.05
R20337,2024-04-21,4,Standard,OTA,CheckedOut,92.06,368.24,28.79,27.79,424.82
R20338,2024-02-15,6,Standard,OTA,CheckedOut,107.54,645.24,24.49,46.88,716.61
R20339,2024-12-16,5,Standard,Direct,CheckedOut,106.95,534.75,48.21,40.81,623.77
R20340,2024-10-02,7,Standard,Direct,CheckedOut,81.25,568.75,85.88,45.82,700.45
R20341,2024-06-19,1,Standard,Direct,CheckedOut,96.34,96.34,50.39,10.27,157.0
R20342,2024-03-26,5,Suite,Direct,CheckedOut,168.99,844.95,70.14,64.06,979.15
R20343,2024-08-17,3,Suite,Direct,CheckedOut,213.9,641.7,64.49,49.43,755.62
R20344,2024-05-30,7,Standard,OTA,CheckedOut,104.46,731.22,61.35,55.48,848.05
R20345,2024-08-19,7,Standard,Direct,CheckedOut,85.37,597.59,116.79,50.01,764.39
R20346,2024-02-02,3,Standard,OTA,CheckedOut,73.46,220.38,70.06,20.33,310.77
R20347,2024-03-08,5,Deluxe,OTA,CheckedOut,111.84,559.2,36.14,41.67,637.01
R20348,2024-09-25,4,Deluxe,Direct,CheckedOut,105.43,421.72,43.76,32.58,498.06
R20349,2024-01-23,4,Deluxe,Direct,Cancelled,131.65,526.6,8.84,37.48,572.92
R20350,2024-09-04,6,Standard,OTA,CheckedOut,103.29,619.74,7.06,43.88,670.68
R20351,2024-05-30,5,Standard,OTA,CheckedOut,87.62,438.1,25.57,32.46,496.13
R20352,2024-01-02,6,Deluxe,OTA,CheckedOut,116.54,699.24,33.6,51.3,784.14
R20353,2024-10-05,5,Standard,Direct,Cancelled,101.86,509.3,25.49,37.44,572.23
R20354,2024-09-12,2,Deluxe,OTA,CheckedOut,100.87,201.74,28.82,16.14,246.7
R20355,2024-10-24,5,Standard,Direct,Cancelled,93.1,465.5,67.75,37.33,570.58
R20356,2024-11-22,3,Standard,Corporate,Cancelled,79.02,237.06,41.45,19.5,298.01
R20357,2024-09-23,3,Suite,OTA,CheckedOut,202.99,608.97,6.03,43.05,658.05
R20358,2024-11-02,1,Standard,Direct,NoShow,92.54,92.54,56.73,10.45,159.72
R20359,2024-02-11,2,Standard,Direct,CheckedOut,79.74,159.48,55.55,15.05,230.08
R20360,2024-12-01,3,Standard,Corporate,CheckedOut,101.63,304.89,34.14,23.73,362.76
R20361,2024-11-29,3,Deluxe,Direct,CheckedOut,88.58,265.74,39.84,21.39,326.97
R20362,2024-09-10,5,Standard,OTA,Cancelled,114.19,570.95,21.7,41.49,634.14
R20363,2024-10-19,3,Standard,Corporate,NoShow,73.67,221.01,46.4,18.72,286.13
R20364,2024-09-27,2,Standard,OTA,CheckedOut,96.48,192.96,22.35,15.07,230.38
R20365,2024-11-16,4,Standard,Corporate,CheckedOut,61.83,247.32,30.89,19.47,297.68
R20366,2024-11-20,4,Standard,OTA,CheckedOut,72.08,288.32,61.66,24.5,374.48
R20367,2024-07-10,7,Standard,OTA,CheckedOut,96.8,677.6,35.97,49.95,763.52
R20368,2024-10-24,4,Standard,OTA,CheckedOut,98.47,393.88,34.52,29.99,458.39
R20369,2024-11-30,3,Deluxe,Direct,Cancelled,126.52,379.56,85.76,32.57,497.89
R20370,2024-04-18,3,Standard,OTA,CheckedOut,103.76,311.28,27.77,23.73,362.78
R20371,2024-01-18,4,Suite,Direct,Cancelled,233.28,933.12,67.69,70.06,1070.87
R20372,2024-03-03,7,Suite,OTA,CheckedOut,173.07,1211.49,40.97,87.67,1340.13
R20373,2024-01-12,3,Standard,OTA,CheckedOut,90.64,271.92,22.23,20.59,314.74
R20374,2024-06-07,2,Standard,Direct,CheckedOut,102.18,204.36,23.9,15.98,244.24
R20375,2024-01-08,5,Deluxe,Direct,CheckedOut,125.71,628.55,50.3,47.52,726.37
R20376,2024-04-04,6,Standard,OTA,CheckedOut,118.55,711.3,97.18,56.59,865.07
R20377,2024-04-02,7,Deluxe,OTA,CheckedOut,99.16,694.12,16.06,49.71,759.89
R20378,2024-09-14,2,Standard,Corporate,CheckedOut,81.04,162.08,12.05,12.19,186.32
R20379,2024-03-31,7,Deluxe,Corporate,Cancelled,90.88,636.16,83.19,50.35,769.7
R20380,2024-12-12,6,Standard,Corporate,CheckedOut,61.5,369.0,59.83,30.02,458.85
R20381,2024-03-09,3,Deluxe,OTA,Cancelled,112.3,336.9,39.87,26.37,403.14
R20382,2024-12-20,3,Suite,OTA,CheckedOut,263.46,790.38,8.51,55.92,854.81
R20383,2024-07-25,2,Standard,Direct,Cancelled,89.55,179.1,69.46,17.4,265.96
R20384,2024-03-30,3,Deluxe,OTA,Cancelled,139.64,418.92,8.22,29.9,457.04
R20385,2024-01-15,7,Standard,Direct,CheckedOut,80.53,563.71,61.45,43.76,668.92
R20386,2024-04-21,3,Standard,OTA,Cancelled,112.2,336.6,27.95,25.52,390.07
R20387,2024-08-03,4,Standard,Direct,CheckedOut,81.97,327.88,34.76,25.38,388.02
R20388,2024-02-09,7,Standard,Direct,CheckedOut,80.78,565.46,24.67,41.31,631.44
R20389,2024-03-01,5,Standard,Direct,Cancelled,108.41,542.05,16.47,39.1,597.62
R20390,2024-02-11,1,Deluxe,Direct,CheckedOut,128.75,128.75,24.32,10.71,163.78
R20391,2024-09-04,1,Standard,OTA,CheckedOut,93.52,93.52,50.12,10.05,153.69
R20392,2024-02-02,2,Deluxe,Direct,CheckedOut,156.87,313.74,3.94,22.24,339.92
R20393,2024-01-08,7,Suite,Direct,Cancelled,146.21,1023.47,9.06,72.28,1104.81
R20394,2024-06-15,2,Suite,Corporate,Cancelled,160.04,320.08,54.8,26.24,401.12
R20395,2024-04-23,3,Deluxe,Corporate,CheckedOut,124.45,373.35,41.13,29.01,443.49
R20396,2024-07-27,4,Deluxe,OTA,CheckedOut,100.79,403.16,104.96,35.57,543.69
R20397,2024-12-08,4,Standard,OTA,CheckedOut,97.55,390.2,10.98,28.08,429.26
R20398,2024-11-09,1,Suite,Direct,CheckedOut,174.22,174.22,14.49,13.21,201.92
R20399,2024-07-15,2,Standard,Corporate,CheckedOut,89.76,179.52,31.6,14.78,225.9
R20400,2024-08-22,7,Deluxe,OTA,CheckedOut,101.34,709.38,35.85,52.17,797.4
R20401,2024-10-23,3,Deluxe,OTA,CheckedOut,116.36,349.08,40.08,27.24,416.4
R20402,2024-06-08,2,Deluxe,Direct,CheckedOut,138.06,276.12,39.17,22.07,337.36
R20403,2024-08-28,6,Standard,Direct,CheckedOut,86.62,519.72,54.41,40.19,614.32
R20404,2024-03-19,4,Standard,OTA,CheckedOut,78.11,312.44,5.29,22.24,339.97
R20405,2024-08-10,6,Standard,Direct,CheckedOut,84.61,507.66,38.81,38.25,584.72
R20406,2024-03-27,2,Standard,Direct,CheckedOut,81.9,163.8,21.42,12.97,198.19
R20407,2024-03-10,4,Standard,OTA,CheckedOut,74.0,296.0,19.81,22.11,337.92
R20408,2024-10-04,6,Standard,OTA,CheckedOut,71.7,430.2,95.1,36.77,562.07
R20409,2024-07-28,6,Deluxe,Direct,CheckedOut,146.56,879.36,25.66,63.35,968.37
R20410,2024-05-17,5,Suite,OTA,CheckedOut,201.07,1005.35,73.97,75.55,1154.87
R20411,2024-01-15,4,Standard,Direct,Cancelled,80.99,323.96,149.36,33.13,506.45
R20412,2024-03-27,6,Standard,OTA,Cancelled,93.93,563.58,25.51,41.24,630.33
R20413,2024-10-19,3,Standard,OTA,Cancelled,86.21,258.63,33.27,20.43,312.33
R20414,2024-06-19,5,Standard,OTA,CheckedOut,73.59,367.95,31.18,27.94,427.07
R20415,2024-12-16,4,Standard,Direct,CheckedOut,94.91,379.64,36.71,29.14,445.49
R20416,2024-11-24,3,Standard,OTA,CheckedOut,122.16,366.48,84.7,31.58,482.76
R20417,2024-11-07,2,Standard,OTA,CheckedOut,81.85,163.7,60.59,15.7,239.99
R20418,2024-01-06,4,Standard,OTA,CheckedOut,102.62,410.48,36.7,31.3,478.48
R20419,2024-01-19,3,Standard,OTA,Cancelled,105.15,315.45,34.39,24.49,374.33
R20420,2024-07-30,4,Deluxe,OTA,Cancelled,113.53,454.12,16.02,32.91,503.05
R20421,2024-05-03,5,Standard,OTA,CheckedOut,77.71,388.55,42.93,30.2,461.68
R20422,2024-11-03,6,Standard,OTA,CheckedOut,124.61,747.66,10.84,53.1,811.6
R20423,2024-04-26,6,Standard,OTA,Cancelled,87.77,526.62,17.36,38.08,582.06
R20424,2024-02-25,4,Suite,OTA,Cancelled,153.88,615.52,35.52,45.57,696.61
R20425,2024-02-11,1,Standard,Direct,CheckedOut,85.9,85.9,17.95,7.27,111.12
R20426,2024-04-19,2,Deluxe,OTA,CheckedOut,114.96,229.92,8.54,16.69,255.15
R20427,2024-08-16,6,Standard,Direct,CheckedOut,93.51,561.06,29.68,41.35,632.09
R20428,2024-02-16,5,Deluxe,Direct,CheckedOut,103.17,515.85,13.47,37.05,566.37
R20429,2024-10-18,6,Standard,Direct,CheckedOut,106.45,638.7,48.3,48.09,735.09
R20430,2024-04-20,4,Standard,OTA,CheckedOut,77.8,311.2,37.83,24.43,373.46
R20431,2024-04-24,4,Deluxe,Direct,CheckedOut,139.37,557.48,9.83,39.71,607.02
R20432,2024-08-29,2,Deluxe,OTA,CheckedOut,122.93,245.86,42.95,20.22,309.03
R20433,2024-11-10,1,Standard,OTA,CheckedOut,96.02,96.02,52.76,10.41,159.19
R20434,2024-06-07,2,Standard,OTA,CheckedOut,104.41,208.82,37.47,17.24,263.53
R20435,2024-10-17,5,Suite,Direct,Cancelled,223.44,1117.2,27.75,80.15,1225.1
R20436,2024-04-21,5,Standard,OTA,CheckedOut,101.0,505.0,23.0,36.96,564.96
R20437,2024-02-17,2,Standard,OTA,CheckedOut,101.19,202.38,105.34,21.54,329.26
R20438,2024-10-29,3,Suite,Direct,NoShow,140.38,421.14,36.77,32.05,489.96
R20439,2024-10-06,5,Standard,Direct,CheckedOut,69.76,348.8,34.04,26.8,409.64
R20440,2024-10-01,3,Standard,Direct,CheckedOut,92.48,277.44,26.07,21.25,324.76
R20441,2024-11-18,3,Standard,OTA,CheckedOut,87.79,263.37,11.47,19.24,294.08
R20442,2024-06-30,2,Standard,Direct,CheckedOut,65.43,130.86,21.68,10.68,163.22
R20443,2024-03-13,5,Standard,OTA,CheckedOut,78.82,394.1,49.08,31.02,474.2
R20444,2024-08-01,7,Standard,Direct,CheckedOut,110.59,774.13,41.59,57.1,872.82
R20445,2024-07-28,2,Standard,OTA,CheckedOut,85.93,171.86,41.15,14.91,227.92
R20446,2024-05-20,3,Standard,OTA,Cancelled,77.34,232.02,35.99,18.76,286.77
R20447,2024-08-21,4,Deluxe,OTA,Cancelled,101.0,404.0,15.36,29.36,448.72
R20448,2024-04-06,2,Deluxe,Direct,CheckedOut,95.8,191.6,34.18,15.8,241.58
R20449,2024-08-10,4,Standard,OTA,CheckedOut,104.07,416.28,62.55,33.52,512.35
R20450,2024-10-16,7,Standard,OTA,CheckedOut,77.22,540.54,31.91,40.07,612.52
R20451,2024-02-05,5,Standard,OTA,Cancelled,91.07,455.35,2.33,32.04,489.72
R20452,2024-06-14,2,Deluxe,Direct,CheckedOut,118.53,237.06,16.94,17.78,271.78
R20453,2024-08-29,2,Standard,Corporate,Cancelled,79.94,159.88,4.71,11.52,176.11
R20454,2024-01-19,1,Deluxe,OTA,CheckedOut,111.73,111.73,14.81,8.86,135.4
R20455,2024-08-18,7,Standard,Direct,Cancelled,99.58,697.06,121.76,57.32,876.14
R20456,2024-11-29,3,Standard,OTA,CheckedOut,115.91,347.73,22.95,25.95,396.63
R20457,2024-10-27,3,Standard,OTA,CheckedOut,71.15,213.45,15.38,16.02,244.85
R20458,2024-09-07,7,Standard,OTA,CheckedOut,55.99,391.93,6.45,27.89,426.27
R20459,2024-10-20,3,Deluxe,Direct,CheckedOut,126.36,379.08,26.51,28.39,433.98
R20460,2024-05-12,2,Deluxe,Direct,CheckedOut,119.01,238.02,75.08,21.92,335.02
R20461,2024-04-29,2,Standard,OTA,CheckedOut,91.28,182.56,15.7,13.88,212.14
R20462,2024-01-31,3,Suite,OTA,CheckedOut,133.93,401.79,44.25,31.22,477.26
R20463,2024-09-20,1,Deluxe,OTA,CheckedOut,132.3,132.3,37.95,11.92,182.17
R20464,2024-04-24,5,Standard,Direct,Cancelled,82.08,410.4,19.8,30.11,460.31
R20465,2024-11-12,3,Standard,OTA,CheckedOut,88.8,266.4,53.5,22.39,342.29
R20466,2024-06-19,7,Deluxe,Direct,CheckedOut,106.15,743.05,23.08,53.63,819.76
R20467,2024-11-21,6,Standard,Direct,Cancelled,89.65,537.9,16.88,38.83,593.61
R20468,2024-02-20,3,Deluxe,Corporate,CheckedOut,93.93,281.79,18.31,21.01,321.11
R20469,2024-02-28,5,Deluxe,Direct,CheckedOut,104.21,521.05,38.66,39.18,598.89
R20470,2024-05-06,6,Standard,OTA,Cancelled,97.04,582.24,105.64,48.15,736.03
R20471,2024-01-10,2,Deluxe,OTA,CheckedOut,111.45,222.9,62.04,19.95,304.89
R20472,2024-06-28,2,Standard,Direct,CheckedOut,74.97,149.94,17.67,11.73,179.34
R20473,2024-08-25,1,Standard,Corporate,CheckedOut,80.65,80.65,33.32,7.98,121.95
R20474,2024-08-29,1,Standard,Corporate,CheckedOut,63.05,63.05,15.56,5.5,84.11
R20475,2024-03-19,3,Suite,Direct,CheckedOut,191.68,575.04,14.39,41.26,630.69
R20476,2024-02-29,6,Standard,OTA,CheckedOut,76.6,459.6,4.8,32.51,496.91
R20477,2024-07-24,6,Deluxe,OTA,CheckedOut,113.13,678.78,41.79,50.44,771.01
R20478,2024-08-19,3,Standard,Direct,CheckedOut,85.38,256.14,19.94,19.33,295.41
R20479,2024-12-10,4,Suite,OTA,CheckedOut,169.36,677.44,27.27,49.33,754.04
R20480,2024-11-22,6,Suite,OTA,CheckedOut,180.98,1085.88,41.86,78.94,1206.68
R20481,2024-05-18,7,Standard,OTA,CheckedOut,70.36,492.52,8.36,35.06,535.94
R20482,2024-02-29,2,Suite,OTA,CheckedOut,181.74,363.48,10.85,26.2,400.53
R20483,2024-04-02,5,Deluxe,Direct,CheckedOut,154.03,770.15,44.51,57.03,871.69
R20484,2024-11-17,5,Standard,Direct,CheckedOut,110.53,552.65,12.46,39.56,604.67
R20485,2024-06-15,5,Standard,OTA,CheckedOut,77.22,386.1,13.34,27.96,427.4
R20486,2024-12-28,6,Standard,OTA,NoShow,103.44,620.64,60.7,47.69,729.03
R20487,2024-08-27,6,Standard,OTA,CheckedOut,89.33,535.98,30.12,39.63,605.73
R20488,2024-08-05,3,Standard,OTA,CheckedOut,88.93,266.79,72.91,23.78,363.48
R20489,2024-02-06,6,Standard,OTA,CheckedOut,61.55,369.3,94.94,32.5,496.74
R20490,2024-08-03,1,Standard,Direct,NoShow,69.99,69.99,80.73,10.55,161.27
R20491,2024-05-18,3,Deluxe,Direct,CheckedOut,110.23,330.69,8.02,23.71,362.42
R20492,2024-11-03,2,Deluxe,Direct,CheckedOut,146.0,292.0,36.9,23.02,351.92
R20493,2024-02-18,2,Suite,Corporate,Cancelled,145.17,290.34,59.85,24.51,374.7
R20494,2024-03-11,7,Standard,Direct,CheckedOut,101.05,707.35,41.32,52.41,801.08
R20495,2024-08-29,4,Standard,Direct,CheckedOut,80.48,321.92,23.07,24.15,369.14
R20496,2024-09-05,1,Standard,OTA,Cancelled,84.9,84.9,12.16,6.79,103.85
R20497,2024-10-30,4,Standard,OTA,CheckedOut,78.24,312.96,50.73,25.46,389.15
R20498,2024-07-10,1,Suite,Direct,Cancelled,141.75,141.75,7.93,10.48,160.16
R20499,2024-05-17,1,Standard,OTA,CheckedOut,91.8,91.8,6.05,6.85,104.7
R20500,2024-04-21,3,Deluxe,Direct,Cancelled,126.96,380.88,14.17,27.65,422.7
R20501,2024-05-15,4,Deluxe,OTA,CheckedOut,128.03,512.12,31.62,38.06,581.8
R20502,2024-08-29,2,Standard,Direct,CheckedOut,102.41,204.82,74.74,19.57,299.13
R20503,2024-07-15,5,Deluxe,Corporate,CheckedOut,100.3,501.5,24.7,36.83,563.03
R20504,2024-04-18,4,Standard,Direct,CheckedOut,79.49,317.96,59.19,26.4,403.55
R20505,2024-03-19,1,Deluxe,OTA,CheckedOut,123.57,123.57,13.32,9.58,146.47
R20506,2024-09-16,6,Standard,OTA,CheckedOut,89.0,534.0,21.27,38.87,594.14
R20507,2024-03-31,1,Standard,Direct,CheckedOut,93.88,93.88,22.66,8.16,124.7
R20508,2024-03-17,3,Deluxe,Direct,CheckedOut,116.51,349.53,17.17,25.67,392.37
R20509,2024-04-30,2,Standard,OTA,CheckedOut,104.74,209.48,67.18,19.37,296.03
R20510,2024-11-07,7,Standard,OTA,CheckedOut,85.8,600.6,7.53,42.57,650.7
R20511,2024-06-15,2,Standard,OTA,CheckedOut,99.24,198.48,66.18,18.53,283.19
R20512,2024-08-05,7,Standard,OTA,CheckedOut,72.85,509.95,38.02,38.36,586.33
R20513,2024-01-30,7,Standard,OTA,CheckedOut,85.35,597.45,50.04,45.32,692.81
R20514,2024-05-05,2,Deluxe,OTA,Cancelled,144.66,289.32,15.77,21.36,326.45
R20515,2024-10-01,1,Deluxe,OTA,CheckedOut,135.47,135.47,48.91,12.91,197.29
R20516,2024-10-09,1,Standard,OTA,CheckedOut,64.84,64.84,5.22,4.9,74.96
R20517,2024-07-30,2,Standard,OTA,CheckedOut,102.06,204.12,27.66,16.22,248.0
R20518,2024-11-15,3,Suite,Direct,NoShow,191.34,574.02,39.01,42.91,655.94
R20519,2024-04-19,2,Standard,Direct,CheckedOut,76.34,152.68,16.48,11.84,181.0
R20520,2024-03-01,7,Deluxe,Direct,CheckedOut,139.9,979.3,7.97,69.11,1056.38
R20521,2024-01-29,4,Standard,Direct,CheckedOut,91.73,366.92,14.17,26.68,407.77
R20522,2024-03-13,6,Deluxe,OTA,CheckedOut,117.52,705.12,23.12,50.98,779.22
R20523,2024-10-05,1,Standard,Direct,CheckedOut,109.88,109.88,20.88,9.15,139.91
R20524,2024-11-25,1,Deluxe,Direct,Cancelled,87.1,87.1,3.31,6.33,96.74
R20525,2024-02-17,4,Deluxe,OTA,CheckedOut,133.45,533.8,48.12,40.73,622.65
R20526,2024-07-02,2,Deluxe,Direct,CheckedOut,137.0,274.0,8.78,19.79,302.57
R20527,2024-02-18,2,Standard,Direct,CheckedOut,101.07,202.14,37.0,16.74,255.88
R20528,2024-11-04,1,Deluxe,OTA,CheckedOut,101.81,101.81,16.04,8.25,126.1
R20529,2024-02-17,2,Standard,OTA,CheckedOut,85.12,170.24,5.63,12.31,188.18
R20530,2024-08-21,6,Standard,OTA,CheckedOut,91.42,548.52,54.09,42.18,644.79
R20531,2024-01-30,6,Standard,Corporate,Cancelled,87.05,522.3,25.13,38.32,585.75
R20532,2024-09-26,4,Standard,Corporate,Cancelled,81.37,325.48,40.15,25.59,391.22
R20533,2024-11-26,2,Deluxe,OTA,Cancelled,107.76,215.52,41.14,17.97,274.63
R20534,2024-09-24,4,Suite,OTA,NoShow,202.22,808.88,37.52,59.25,905.65
R20535,2024-04-08,5,Standard,OTA,CheckedOut,83.83,419.15,15.52,30.43,465.1
R20536,2024-11-03,2,Standard,Direct,CheckedOut,103.28,206.56,41.78,17.38,265.72
R20537,2024-04-21,3,Standard,Corporate,CheckedOut,59.78,179.34,56.41,16.5,252.25
R20538,2024-10-02,6,Deluxe,Direct,CheckedOut,130.71,784.26,16.58,56.06,856.9
R20539,2024-10-30,3,Standard,Direct,CheckedOut,117.52,352.56,11.29,25.47,389.32
R20540,2024-06-26,4,Standard,OTA,CheckedOut,56.53,226.12,17.92,17.08,261.12
R20541,2024-08-14,6,Deluxe,OTA,CheckedOut,127.48,764.88,61.83,57.87,884.58
R20542,2024-11-08,5,Deluxe,Direct,CheckedOut,115.72,578.6,27.74,42.44,648.78
R20543,2024-03-09,2,Standard,Corporate,CheckedOut,59.06,118.12,76.95,13.65,208.72
R20544,2024-01-08,5,Standard,OTA,CheckedOut,131.1,655.5,21.22,47.37,724.09
R20545,2024-06-07,7,Standard,OTA,CheckedOut,56.74,397.18,30.38,29.93,457.49
R20546,2024-03-07,2,Deluxe,Direct,NoShow,125.1,250.2,79.08,23.05,352.33
R20547,2024-11-18,7,Standard,Corporate,CheckedOut,98.89,692.23,88.0,54.62,834.85
R20548,2024-11-12,5,Standard,Direct,Cancelled,107.23,536.15,50.12,41.04,627.31
R20549,2024-05-17,5,Standard,OTA,CheckedOut,90.4,452.0,10.7,32.39,495.09
R20550,2024-04-22,3,Standard,Corporate,Cancelled,89.13,267.39,30.59,20.86,318.84
R20551,2024-09-16,1,Standard,Corporate,Cancelled,74.09,74.09,28.75,7.2,110.04
R20552,2024-06-14,1,Standard,Corporate,CheckedOut,86.12,86.12,11.67,6.85,104.64
R20553,2024-02-05,5,Suite,OTA,CheckedOut,199.38,996.9,69.0,74.61,1140.51
R20554,2024-08-29,7,Standard,Direct,CheckedOut,83.92,587.44,40.49,43.96,671.89
R20555,2024-09-22,5,Standard,Direct,CheckedOut,102.57,512.85,13.94,36.88,563.67
R20556,2024-01-26,3,Deluxe,OTA,CheckedOut,127.28,381.84,10.36,27.45,419.65
R20557,2024-10-10,6,Deluxe,Direct,Cancelled,116.04,696.24,35.35,51.21,782.8
R20558,2024-07-13,7,Deluxe,Corporate,CheckedOut,77.63,543.41,5.39,38.42,587.22
R20559,2024-10-28,2,Standard,Direct,CheckedOut,71.01,142.02,57.91,14.0,213.93
R20560,2024-11-06,1,Deluxe,Direct,CheckedOut,139.67,139.67,20.48,11.21,171.36
R20561,2024-09-03,7,Standard,Direct,CheckedOut,98.76,691.32,9.15,49.03,749.5
R20562,2024-05-01,1,Suite,Direct,CheckedOut,210.38,210.38,44.8,17.86,273.04
R20563,2024-05-15,7,Standard,OTA,Cancelled,86.0,602.0,14.07,43.12,659.19
R20564,2024-09-21,2,Standard,Direct,CheckedOut,82.56,165.12,26.9,13.44,205.46
R20565,2024-01-24,1,Deluxe,Corporate,CheckedOut,89.1,89.1,34.04,8.62,131.76
R20566,2024-03-25,2,Standard,OTA,CheckedOut,95.52,191.04,12.79,14.27,218.1
R20567,2024-07-08,3,Deluxe,OTA,CheckedOut,163.29,489.87,40.5,37.13,567.5
R20568,2024-12-10,3,Deluxe,OTA,Cancelled,118.01,354.03,71.76,29.81,455.6
R20569,2024-10-03,1,Standard,OTA,NoShow,76.49,76.49,61.57,9.66,147.72
R20570,2024-10-24,6,Standard,Direct,CheckedOut,104.6,627.6,28.48,45.93,702.01
R20571,2024-03-10,6,Deluxe,OTA,CheckedOut,99.03,594.18,52.27,45.25,691.7
R20572,2024-04-12,5,Standard,Corporate,CheckedOut,92.38,461.9,11.22,33.12,506.24
R20573,2024-04-07,7,Suite,OTA,CheckedOut,230.43,1613.01,26.15,114.74,1753.9
R20574,2024-09-30,7,Deluxe,OTA,CheckedOut,106.09,742.63,63.64,56.44,862.71
R20575,2024-07-14,7,Standard,Corporate,CheckedOut,64.22,449.54,11.74,32.29,493.57
R20576,2024-03-18,3,Standard,Corporate,CheckedOut,86.44,259.32,34.7,20.58,314.6
R20577,2024-09-30,5,Deluxe,Direct,CheckedOut,141.84,709.2,53.49,53.39,816.08
R20578,2024-08-20,6,Standard,Direct,Cancelled,119.72,718.32,33.09,52.6,804.01
R20579,2024-11-23,5,Standard,Corporate,Cancelled,97.45,487.25,92.22,40.56,620.03
R20580,2024-07-22,6,Standard,OTA,CheckedOut,97.3,583.8,21.9,42.4,648.1
R20581,2024-02-15,5,Standard,Direct,CheckedOut,84.45,422.25,19.32,30.91,472.48
R20582,2024-11-20,3,Standard,OTA,CheckedOut,91.31,273.93,7.77,19.72,301.42
R20583,2024-03-08,4,Deluxe,Direct,CheckedOut,133.3,533.2,35.89,39.84,608.93
R20584,2024-01-21,2,Suite,Corporate,Cancelled,166.17,332.34,33.22,25.59,391.15
R20585,2024-10-18,7,Deluxe,Direct,Cancelled,105.03,735.21,14.88,52.51,802.6
R20586,2024-06-13,7,Standard,Direct,CheckedOut,81.73,572.11,40.22,42.86,655.19
R20587,2024-08-23,5,Standard,Direct,CheckedOut,81.86,409.3,83.97,34.53,527.8
R20588,2024-02-17,6,Standard,Direct,Cancelled,106.74,640.44,19.62,46.2,706.26
R20589,2024-09-20,3,Suite,Corporate,Cancelled,169.94,509.82,72.94,40.79,623.55
R20590,2024-05-27,3,Standard,Direct,CheckedOut,87.41,262.23,50.52,21.89,334.64
R20591,2024-12-29,4,Standard,OTA,CheckedOut,112.3,449.2,26.29,33.28,508.77
R20592,2024-08-20,2,Suite,Corporate,CheckedOut,160.27,320.54,2.72,22.63,345.89
R20593,2024-12-08,1,Standard,Direct,CheckedOut,89.9,89.9,27.08,8.19,125.17
R20594,2024-10-16,3,Standard,Direct,CheckedOut,81.09,243.27,15.17,18.09,276.53
R20595,2024-11-03,6,Standard,OTA,CheckedOut,61.55,369.3,38.19,28.52,436.01
R20596,2024-02-02,2,Standard,Direct,CheckedOut,105.9,211.8,19.23,16.17,247.2
R20597,2024-10-10,5,Suite,Corporate,CheckedOut,142.58,712.9,25.38,51.68,789.96
R20598,2024-08-08,5,Standard,OTA,CheckedOut,83.45,417.25,16.05,30.33,463.63
R20599,2024-05-24,3,Standard,Direct,Cancelled,79.45,238.35,18.64,17.99,274.98
